,Neighborhood Name,Area,Average Household Size,Female Population,Male Population,Median Age Among Men,Median Age Among Women,Median Income,Median Rent,Percentage of Family Households,Percentage of Married Families,Percentage of Married Families with Children,Percentage of Never-Married Men,Percentage of Never-Married Women,Percentage of People Who Speak English Poorly or Not at All,Percentage of Single Mother Families,Population,Population Density,Residents Born Foreign,Residents Born as U.S. Citizens Outside the U.S.,Residents Born in Texas,Residents Born in the U.S.,Address,Coordinates,Latitude,Longitude,Park,Mexican Restaurant,Convenience Store,Sandwich Place,Discount Store,Playground,Video Store,Fast Food Restaurant,Gym,Pool,Hotel,Music Venue,Grocery Store,Mobile Phone Shop,Arcade,Bar,American Restaurant,BBQ Joint,Ice Cream Shop,Chinese Restaurant,Art Gallery,Dog Run,Pharmacy,Gas Station,Business Service,Food Truck,Burger Joint,Construction & Landscaping,Food & Drink Shop,Athletics & Sports,Coffee Shop,Pizza Place,Shipping Store,Pawn Shop,Steakhouse,Flea Market,Fried Chicken Joint,Jewelry Store,Gym / Fitness Center,Restaurant,Golf Course,Pet Store,Caf√©,Furniture / Home Store,Lake,Camera Store,Dive Bar,Casino,Thrift / Vintage Store,Pub
0,Alamo Heights,0.503,1.6,232,242,33.3,31.1,80729,1516,17.9,18.9,29.6,23.4,23.0,0.0,35.1,475,945,20.0,2.2,48.1,29.7,"Alamo Heights, Fort Worth, TX","(None, None)",,,,,,,,,,,,,,,,,,,,,,,,,,,,,,,,,,,,,,,,,,,,,,,,,,,,
1,Arlington Heights,2.031,4.8,5589,4815,39.8,35.7,86764,887,38.6,38.3,38.7,16.8,18.8,0.8,12.0,10405,5124,4.6,1.3,65.3,28.9,"Arlington Heights, Fort Worth, TX","(32.7265197, -97.3919628)",32.7265197,-97.3919628,,,,,,,,,,,,,,,,,,,,,,,,,,,,,,,,,,,,,,,,,,,,,,,,,,
2,Arlington Heights Sector,11.136,3.1,17089,15559,38.4,37.4,69104,849,35.2,32.9,32.7,17.9,19.1,2.7,21.0,32648,2932,9.6,1.6,64.5,24.4,"Arlington Heights Sector, Fort Worth, TX","(None, None)",,,,,,,,,,,,,,,,,,,,,,,,,,,,,,,,,,,,,,,,,,,,,,,,,,,,
3,Belmont Terrace,0.202,7.5,320,379,28.5,30.7,38563,578,60.1,45.7,17.4,24.7,16.5,28.7,45.5,699,3461,35.8,1.6,54.3,8.3,"Belmont Terrace, Fort Worth, TX","(32.7811685, -97.36639)",32.7811685,-97.36639,,,,,,,,,,,,,,,,,,,,,,,,,,,,,,,,,,,,,,,,,,,,,,,,,,
4,Benbrook,12.514,3.9,11443,11050,40.1,44.7,63316,841,48.9,54.2,31.4,13.3,9.9,2.3,9.3,22494,1797,4.7,1.7,63.9,29.7,"Benbrook, Fort Worth, TX","(32.7129739, -97.4445299)",32.7129739,-97.4445299,,,,,,,,,,,,,,,,,,,,,,,,,,,,,,,,,,,,,,,,,,,,,,,,,,
5,Benbrook North,1.855,2.4,808,815,42.3,46.6,59511,592,38.7,56.3,39.6,7.2,5.8,3.2,49.3,1623,875,5.3,1.8,64.9,28.0,"Benbrook North, Fort Worth, TX","(32.7129739, -97.4445299)",32.7129739,-97.4445299,,,,,,,,,,,,,,,,,,,,,,,,,,,,,,,,,,,,,,,,,,,,,,,,,,
6,Bentley Village,1.934,2.5,1048,898,32.7,36.8,71314,800,46.9,30.4,18.7,17.7,24.4,4.2,22.5,1947,1006,14.2,1.8,54.6,29.5,"Bentley Village, Fort Worth, TX","(32.765323, -97.162629)",32.765323,-97.162629,,,,,,,,,,,,,,,,,,,,,,,,,,,,,,,,,,,,,,,,,,,,,,,,,,
7,Berkeley Place,0.987,9.4,1723,1622,37.1,37.2,81643,916,29.6,35.1,38.8,29.1,28.8,1.6,9.4,3345,3388,8.1,1.3,54.2,36.4,"Berkeley Place, Fort Worth, TX","(32.7247341, -97.349468)",32.7247341,-97.349468,,,,,,,,,,,,,,,,,,,,,,,,,,,,,,,,,,,,,,,,,,,,,,,,,,
8,Bluebonnet Hills,4.324,5.0,10880,11931,32.3,32.3,71619,903,45.5,46.4,31.7,24.4,14.4,4.7,9.7,22811,5276,15.2,1.0,58.2,25.6,"Bluebonnet Hills, Fort Worth, TX","(None, None)",,,,,,,,,,,,,,,,,,,,,,,,,,,,,,,,,,,,,,,,,,,,,,,,,,,,
9,Bluebonnet Place,0.100,2.5,271,258,45.2,43.2,131179,1266,52.0,70.1,38.9,10.3,6.6,1.6,3.5,530,5285,11.1,1.7,52.1,35.0,"Bluebonnet Place, Fort Worth, TX","(32.8697968, -97.2773855957135)",32.8697968,-97.2773855957135,,,,,,,,,,,,,,,,,,,,,,,,,,,,,,,,,,,,,,,,,,,,,,,,,,
10,Bomber Heights,0.189,3.1,369,444,29.8,31.5,45514,613,44.6,17.9,10.3,28.1,20.4,2.2,24.2,813,4307,18.6,2.4,63.3,15.7,"Bomber Heights, Fort Worth, TX","(None, None)",,,,,,,,,,,,,,,,,,,,,,,,,,,,,,,,,,,,,,,,,,,,,,,,,,,,
11,Bonnie Brae,1.069,3.6,2189,2607,29.8,29.1,39973,640,60.8,56.8,23.8,22.8,11.8,22.8,6.2,4796,4485,35.2,1.2,57.9,5.7,"Bonnie Brae, Fort Worth, TX","(32.796265, -97.299689)",32.796265,-97.299689,,,,,,,,,,,,,,,,,,,,,,,,,,,,,,,,,,,,,,,,,,,,,,,,,,
12,Brentmoor,0.126,3.8,191,206,29.1,29.0,37159,521,61.1,72.9,24.0,17.5,15.9,21.0,1.6,398,3147,37.9,0.5,53.3,8.2,"Brentmoor, Fort Worth, TX","(None, None)",,,,,,,,,,,,,,,,,,,,,,,,,,,,,,,,,,,,,,,,,,,,,,,,,,,,
13,Brentwood-Oak Hills,0.345,2.5,431,472,37.6,52.3,41668,837,57.2,42.9,15.1,11.9,12.0,0.9,14.6,904,2619,5.4,1.1,66.8,26.7,"Brentwood, Fort Worth, TX","(32.7576307, -97.2133465)",32.7576307,-97.2133465,,,,,,,,,,,,,,,,,,,,,,,,,,,,,,,,,,,,,,,,,,,,,,,,,,
14,Burton Hill Trinity Trails,0.178,2.3,603,577,42.0,41.6,73561,742,39.2,28.5,28.8,19.7,17.2,2.6,9.2,1181,6651,4.3,0.4,72.2,23.1,"Burton Hill Trinity Trails, Fort Worth, TX","(None, None)",,,,,,,,,,,,,,,,,,,,,,,,,,,,,,,,,,,,,,,,,,,,,,,,,,,,
15,Byers McCart,0.070,2.5,172,122,45.2,43.2,131179,1266,42.8,41.5,32.2,17.1,25.7,1.5,4.4,294,4172,11.1,1.7,52.1,35.0,"Byers McCart, Fort Worth, TX","(None, None)",,,,,,,,,,,,,,,,,,,,,,,,,,,,,,,,,,,,,,,,,,,,,,,,,,,,
16,Camp Bowie (Camp Bowie Historic District),36.969,5.2,51676,50322,36.6,38.7,56711,757,43.3,37.0,26.4,17.9,16.9,4.5,17.1,101999,2759,10.2,1.7,63.3,24.8,"Camp Bowie , Fort Worth, TX","(None, None)",,,,,,,,,,,,,,,,,,,,,,,,,,,,,,,,,,,,,,,,,,,,,,,,,,,,
17,Candleridge,24.408,4.3,38271,32574,32.3,36.4,57072,848,60.9,48.2,19.2,15.3,17.5,6.1,12.1,70846,2903,14.6,1.0,60.4,24.1,"Candleridge, Fort Worth, TX","(32.636049, -97.3912034533499)",32.636049,-97.3912034533499,,,,,,,,,,,,,,,,,,,,,,,,,,,,,,,,,,,,,,,,,,,,,,,,,,
18,Carol Oaks,1.445,6.3,4036,3196,33.4,37.3,49693,736,37.6,31.6,18.6,13.4,22.8,1.4,24.1,7233,5006,6.0,1.6,65.3,27.2,"Carol Oaks, Fort Worth, TX","(32.7561453, -97.1956995)",32.7561453,-97.1956995,,,,,,,,,,,,,,,,,,,,,,,,,,,,,,,,,,,,,,,,,,,,,,,,,,
19,Carter Park,0.610,3.3,839,740,27.5,28.3,27354,470,50.0,40.3,24.5,17.3,18.6,24.3,7.6,1579,2587,37.9,0.5,53.3,8.3,"Carter Park, Fort Worth, TX","(32.70979395, -97.3682184437645)",32.70979395,-97.3682184437645,,,,,,,,,,,,,,,,,,,,,,,,,,,,,,,,,,,,,,,,,,,,,,,,,,
20,Carter Riverside,0.872,3.6,3416,3532,29.9,27.6,44149,632,59.2,45.4,18.0,21.8,16.4,25.5,7.1,6948,7964,35.3,1.5,54.6,8.5,"Carter Riverside, Fort Worth, TX","(32.7820431, -97.2988761528384)",32.7820431,-97.2988761528384,,,,,,,,,,,,,,,,,,,,,,,,,,,,,,,,,,,,,,,,,,,,,,,,,,
21,Carver Heights East,0.141,3.2,97,103,39.3,37.6,39656,715,46.5,27.8,15.2,25.7,16.7,12.2,15.2,201,1422,15.0,0.9,61.6,22.5,"Carver Heights East, Fort Worth, TX","(None, None)",,,,,,,,,,,,,,,,,,,,,,,,,,,,,,,,,,,,,,,,,,,,,,,,,,,,
22,Central Meadowbrook,1.411,6.8,2805,2977,34.1,41.7,42045,636,51.6,38.5,21.8,22.3,13.5,5.9,27.5,5782,4099,16.8,1.7,61.1,20.4,"Central Meadowbrook, Fort Worth, TX","(32.7456129, -97.1855255)",32.7456129,-97.1855255,,,,,,,,,,,,,,,,,,,,,,,,,,,,,,,,,,,,,,,,,,,,,,,,,,
23,Colonial/Bellaire,2.688,6.2,6499,5356,35.7,35.7,85628,1039,40.8,40.8,26.0,25.5,33.3,1.1,9.4,11855,4411,6.9,1.2,55.9,35.9,"Colonial/Bellaire, Fort Worth, TX","(None, None)",,,,,,,,,,,,,,,,,,,,,,,,,,,,,,,,,,,,,,,,,,,,,,,,,,,,
24,Como,1.213,2.5,2685,2587,34.7,36.5,30786,539,44.0,22.5,16.8,22.8,17.5,7.2,18.9,5272,4347,19.7,1.1,69.4,9.8,"Como, Fort Worth, TX","(32.7263877, -97.3995107)",32.7263877,-97.3995107,,,,,,,,,,,,,,,,,,,,,,,,,,,,,,,,,,,,,,,,,,,,,,,,,,
25,Como,1.213,2.5,2685,2587,34.7,36.5,30786,539,44.0,22.5,16.8,22.8,17.5,7.2,18.9,5272,4347,19.7,1.1,69.4,9.8,"Como, Fort Worth, TX","(32.7263877, -97.3995107)",32.7263877,-97.3995107,,,,,,,,,,,,,,,,,,,,,,,,,,,,,,,,,,,,,,,,,,,,,,,,,,
26,Cooke's Meadow,0.655,4.7,1507,1119,31.3,34.3,51757,660,46.4,36.1,16.3,12.9,25.0,1.9,24.9,2627,4008,6.6,1.8,64.7,26.9,"Cooke, Fort Worth, TX","(None, None)",,,,,,,,,,,,,,,,,,,,,,,,,,,,,,,,,,,,,,,,,,,,,,,,,,,,
27,Crest Ridge (Jenkins Heights),0.291,2.6,34,39,30.0,40.2,54050,857,59.0,43.3,26.0,21.3,14.6,0.0,6.5,73,251,6.8,2.1,60.1,31.0,"Crest Ridge , Fort Worth, TX","(None, None)",,,,,,,,,,,,,,,,,,,,,,,,,,,,,,,,,,,,,,,,,,,,,,,,,,,,
28,Crestline (River Crest),1.069,5.0,1863,1401,42.8,38.6,96584,1263,44.8,48.2,38.4,8.5,19.3,1.3,17.7,3265,3055,3.8,1.0,67.6,27.6,"Crestline , Fort Worth, TX","(None, None)",,,,,,,,,,,,,,,,,,,,,,,,,,,,,,,,,,,,,,,,,,,,,,,,,,,,
29,Crestwood,0.986,2.1,968,922,38.0,37.1,66818,616,23.3,15.5,33.3,18.1,29.8,8.0,81.9,1891,1918,7.5,2.7,63.2,26.6,"Crestwood, Fort Worth, TX","(32.6531696, -97.4105817)",32.6531696,-97.4105817,,,,,,,,,,,,,,,,,,,,,,,,,,,,,,,,,,,,,,,,,,,,,,,,,,
30,Cultural District,1.728,5.0,1724,1741,38.9,33.9,82984,943,26.0,25.5,40.5,22.3,19.9,2.4,13.0,3465,2005,11.7,1.8,58.6,27.9,"Cultural District, Fort Worth, TX","(None, None)",,,,,,,,,,,,,,,,,,,,,,,,,,,,,,,,,,,,,,,,,,,,,,,,,,,,
31,Diamond Hill,2.394,2.4,7099,5640,37.4,40.8,54312,783,52.2,46.7,27.4,12.4,14.4,2.2,10.7,12740,5322,14.6,0.5,60.2,24.7,"Diamond Hill, Fort Worth, TX","(32.8039866, -97.323525)",32.8039866,-97.323525,,,,,,,,,,,,,,,,,,,,,,,,,,,,,,,,,,,,,,,,,,,,,,,,,,
32,Diamond Hill-Jarvis,4.040,8.3,7706,8392,29.6,30.0,37510,629,69.2,52.7,14.7,24.5,16.2,30.4,7.8,16099,3985,38.5,0.7,55.5,5.4,"Diamond Hill, Fort Worth, TX","(32.8084707, -97.3368788481754)",32.8084707,-97.3368788481754,,,,,,,,,,,,,,,,,,,,,,,,,,,,,,,,,,,,,,,,,,,,,,,,,,
33,Downtown,3.278,2.3,2917,2595,44.8,42.4,93412,785,48.8,48.8,36.7,15.9,12.7,0.3,7.2,5513,1682,3.6,2.7,59.2,34.5,"Downtown, Fort Worth, TX","(32.7609605, -97.3279170396154)",32.7609605,-97.3279170396154,,,,,,,,,,,,,,,,,,,,,,,,,,,,,,,,,,,,,,,,,,,,,,,,,,
34,East Fort Worth,83.687,,109836,102720,33.5,35.9,,,,36.1,,,19.4,,,212556,,18.4,1.4,61.2,,"East Fort Worth, Fort Worth, TX","(32.7519706, -97.3256503)",32.7519706,-97.3256503,,,,,,,,,,,,,,,,,,,,,,,,,,,,,,,,,,,,,,,,,,,,,,,,,,
35,East Libbey Avenue,0.103,2.7,145,144,53.0,56.3,20715,616,48.5,10.6,19.3,28.2,13.3,5.1,32.1,290,2816,21.0,0.7,70.1,8.1,"East Libbey Avenue, Fort Worth, TX","(32.7206877, -97.4044077)",32.7206877,-97.4044077,,,,,,,,,,,,,,,,,,,,,,,,,,,,,,,,,,,,,,,,,,,,,,,,,,
36,Eastchase,2.017,2.5,2601,2360,33.1,36.3,60396,729,47.8,25.7,20.3,19.1,25.7,2.7,23.3,4961,2460,13.5,2.1,50.9,33.5,"Eastchase, Fort Worth, TX","(32.750691, -97.171975)",32.750691,-97.171975,,,,,,,,,,,,,,,,,,,,,,,,,,,,,,,,,,,,,,,,,,,,,,,,,,
37,Eastern Hills,2.097,3.9,3263,3570,35.1,42.6,42272,676,48.0,32.6,19.0,19.8,14.0,4.6,20.8,6833,3259,10.9,1.4,63.7,24.0,"Eastern Hills, Fort Worth, TX","(32.74928855, -97.2291223223035)",32.74928855,-97.2291223223035,,,,,,,,,,,,,,,,,,,,,,,,,,,,,,,,,,,,,,,,,,,,,,,,,,
38,Eastland,0.443,3.7,1554,1450,30.5,30.9,41570,625,66.8,54.0,10.3,23.5,19.3,11.5,3.2,3005,6784,24.7,1.9,66.5,6.9,"Eastland, Fort Worth, TX","(32.707611, -97.265373)",32.707611,-97.265373,,,,,,,,,,,,,,,,,,,,,,,,,,,,,,,,,,,,,,,,,,,,,,,,,,
39,Eastwood,1.213,7.0,3476,3463,26.0,34.0,34926,487,48.9,27.7,15.7,20.3,19.7,5.1,13.4,6940,5722,10.3,1.5,78.6,10.1,"Eastwood, Fort Worth, TX","(32.7659365, -97.3724894)",32.7659365,-97.3724894,,,,,,,,,,,,,,,,,,,,,,,,,,,,,,,,,,,,,,,,,,,,,,,,,,
40,Eastwood Pleasant Glade,0.114,3.5,494,563,32.1,32.9,45010,588,59.1,31.0,13.4,24.0,18.5,1.3,11.7,1058,9264,7.0,1.4,82.8,8.8,"Eastwood Pleasant Glade, Fort Worth, TX","(None, None)",,,,,,,,,,,,,,,,,,,,,,,,,,,,,,,,,,,,,,,,,,,,,,,,,,,,
41,Echo Heights,3.465,3.2,4110,3965,28.5,34.3,34199,611,51.6,31.9,13.8,21.5,18.3,13.7,20.8,8075,2330,21.5,0.7,64.1,13.8,"Echo Heights, Fort Worth, TX","(None, None)",,,,,,,,,,,,,,,,,,,,,,,,,,,,,,,,,,,,,,,,,,,,,,,,,,,,
42,El Poly Pyramid,0.100,3.4,270,265,24.8,21.5,22656,637,53.5,25.0,10.2,34.9,31.4,21.3,11.6,535,5338,34.1,3.0,49.9,13.0,"El Poly Pyramid, Fort Worth, TX","(None, None)",,,,,,,,,,,,,,,,,,,,,,,,,,,,,,,,,,,,,,,,,,,,,,,,,,,,
43,Fairmount,2.001,12.,6935,6774,31.8,31.9,48757,682,50.4,38.8,23.6,18.5,14.3,9.9,13.1,13709,6852,16.9,0.6,60.0,22.5,"Fairmount, Fort Worth, TX","(32.7240582, -97.3413655)",32.7240582,-97.3413655,,,,,,,,,,,,,,,,,,,,,,,,,,,,,,,,,,,,,,,,,,,,,,,,,,
44,Far East Fort Worth,0.283,,269,310,29.8,32.5,,,,29.6,,,18.7,,,580,,13.9,2.2,48.9,,"Far East Fort Worth, Fort Worth, TX","(None, None)",,,,,,,,,,,,,,,,,,,,,,,,,,,,,,,,,,,,,,,,,,,,,,,,,,,,
45,Far Greater Northside Historical,2.367,3.5,9477,10488,30.9,32.5,35597,620,65.3,45.2,16.1,22.6,17.9,20.6,8.0,19965,8435,34.2,1.3,55.9,8.6,"Far Greater Northside Historical, Fort Worth, TX","(None, None)",,,,,,,,,,,,,,,,,,,,,,,,,,,,,,,,,,,,,,,,,,,,,,,,,,,,
46,Far North Fort Worth,124.869,,107538,115833,33.3,35.6,,,,51.0,,,14.2,,,223372,,19.8,1.8,58.5,,"Far North Fort Worth, Fort Worth, TX","(None, None)",,,,,,,,,,,,,,,,,,,,,,,,,,,,,,,,,,,,,,,,,,,,,,,,,,,,
47,Far Southwest,0.772,5.9,2771,1822,31.9,34.9,60685,755,50.2,37.7,20.3,9.3,18.9,4.7,16.7,4593,5947,11.6,0.8,67.2,21.2,"Far Southwest, Fort Worth, TX","(None, None)",,,,,,,,,,,,,,,,,,,,,,,,,,,,,,,,,,,,,,,,,,,,,,,,,,,,
48,Fossil Creek,13.703,3.4,7913,10157,29.3,33.0,51099,776,65.5,47.9,15.2,28.6,13.9,16.4,9.4,18070,1319,24.1,2.1,55.4,18.5,"Fossil Creek, Fort Worth, TX","(32.9183398, -97.3676227)",32.9183398,-97.3676227,,,,,,,,,,,,,,,,,,,,,,,,,,,,,,,,,,,,,,,,,,,,,,,,,,
49,Fossil Park,0.549,2.9,1328,1318,25.7,26.9,60410,806,55.4,48.8,16.1,19.2,18.0,5.6,11.2,2647,4819,8.3,2.9,54.4,34.5,"Fossil Park, Fort Worth, TX","(32.9183398, -97.3676227)",32.9183398,-97.3676227,,,,,,,,,,,,,,,,,,,,,,,,,,,,,,,,,,,,,,,,,,,,,,,,,,
50,Foster Park,0.604,2.8,800,713,36.7,40.8,96251,1547,51.0,62.7,35.9,8.7,9.6,0.5,2.9,1514,2506,4.5,1.5,63.6,30.5,"Foster Park, Fort Worth, TX","(32.7104736, -97.3627058810884)",32.7104736,-97.3627058810884,,,,,,,,,,,,,,,,,,,,,,,,,,,,,,,,,,,,,,,,,,,,,,,,,,
51,Frisco Heights,0.163,7.3,290,386,33.2,36.3,53969,1047,32.0,37.9,36.0,34.2,17.5,0.0,7.4,676,4144,9.3,1.4,52.8,36.4,"Frisco Heights, Fort Worth, TX","(None, None)",,,,,,,,,,,,,,,,,,,,,,,,,,,,,,,,,,,,,,,,,,,,,,,,,,,,
52,Glenwood Triangle,0.112,38.,127,128,41.8,29.9,11838,204,57.9,13.7,2.4,25.3,25.0,0.0,15.9,256,2287,6.9,0.0,69.1,24.0,"Glenwood Triangle, Fort Worth, TX","(32.707479, -97.379122)",32.707479,-97.379122,,,,,,,,,,,,,,,,,,,,,,,,,,,,,,,,,,,,,,,,,,,,,,,,,,
53,Hallmark-Camelot,1.621,6.4,5191,4335,27.7,32.2,51108,820,55.8,49.6,22.1,16.1,12.3,14.7,7.0,9526,5875,24.1,1.1,58.4,16.4,"Hallmark, Fort Worth, TX","(None, None)",,,,,,,,,,,,,,,,,,,,,,,,,,,,,,,,,,,,,,,,,,,,,,,,,,,,
54,Hamlet,1.056,3.1,131,108,28.0,32.7,52445,867,38.7,43.9,37.8,9.3,14.0,7.9,3.4,240,227,16.3,0.8,63.2,19.7,"Hamlet, Fort Worth, TX","(30.860195, -94.856742)",30.860195,-94.856742,,,,,,,,,,,,,,,,,,,,,,,,,,,,,,,,,,,,,,,,,,,,,,,,,,
55,Hampshire (South Meadowbrook),8.763,6.1,24273,22911,30.2,33.6,29396,591,53.4,30.9,16.2,20.9,23.0,12.4,13.7,47184,5384,21.8,1.5,65.8,10.9,"Hampshire , Fort Worth, TX","(None, None)",,,,,,,,,,,,,,,,,,,,,,,,,,,,,,,,,,,,,,,,,,,,,,,,,,,,
56,Handley,5.017,6.9,7538,7654,35.2,38.9,55353,808,50.7,39.1,23.1,19.4,17.3,8.5,13.2,15193,3028,14.8,1.3,63.4,20.5,"Handley, Fort Worth, TX","(32.7309618, -97.2187857)",32.7309618,-97.2187857,,,,,,,,,,,,,,,,,,,,,,,,,,,,,,,,,,,,,,,,,,,,,,,,,,
57,Harmony,1.364,4.1,3398,2697,34.1,36.6,45488,640,37.2,21.6,15.3,16.8,26.3,4.4,32.5,6095,4467,7.7,1.2,64.3,26.7,"Harmony, Fort Worth, TX","(32.631425, -97.399578)",32.631425,-97.399578,,,,,,,,,,,,,,,,,,,,,,,,,,,,,,,,,,,,,,,,,,,,,,,,,,
58,Highland Hills,5.324,4.6,7934,7350,32.5,35.6,48616,814,59.2,49.8,21.6,15.7,13.9,10.2,9.3,15285,2871,18.6,0.7,65.4,15.3,"Highland Hills, Fort Worth, TX","(32.6684666, -97.3111269)",32.6684666,-97.3111269,,,,,,,,,,,,,,,,,,,,,,,,,,,,,,,,,,,,,,,,,,,,,,,,,,
59,Hillside Morningside,0.903,2.9,6242,5352,27.5,29.2,17125,627,37.3,33.6,30.6,16.6,23.1,13.6,2.7,11594,12841,31.9,0.7,62.5,5.0,"Hillside Morningside, Fort Worth, TX","(32.713977, -97.326469)",32.713977,-97.326469,,,,,,,,,,,,,,,,,,,,,,,,,,,,,,,,,,,,,,,,,,,,,,,,,,
60,Hulen,3.871,3.0,7494,8078,37.0,41.9,64784,778,47.3,35.1,23.8,17.7,16.9,1.4,20.0,15573,4023,14.5,1.7,53.3,30.5,"Hulen, Fort Worth, TX","(32.6479312, -97.3958933)",32.6479312,-97.3958933,,,,,,,,,,,,,,,,,,,,,,,,,,,,,,,,,,,,,,,,,,,,,,,,,,
61,Hulen Springs Meadow,0.730,3.4,2264,2018,25.0,28.9,70383,844,73.3,56.0,21.0,16.5,14.2,1.8,8.2,4283,5867,11.6,2.9,50.5,35.1,"Hulen Springs Meadow, Fort Worth, TX","(None, None)",,,,,,,,,,,,,,,,,,,,,,,,,,,,,,,,,,,,,,,,,,,,,,,,,,,,
62,Jennings-May St. Louis,0.169,3.9,366,320,24.7,19.6,33295,629,52.3,39.7,10.9,27.2,19.7,19.5,8.6,686,4051,41.8,0.9,51.8,5.4,"Jennings, Fort Worth, TX","(None, None)",,,,,,,,,,,,,,,,,,,,,,,,,,,,,,,,,,,,,,,,,,,,,,,,,,,,
63,John T White,6.093,4.9,6765,6254,31.3,34.4,48355,744,48.1,29.4,19.2,20.0,20.6,7.0,19.3,13019,2137,15.0,1.7,58.7,24.6,"John T White, Fort Worth, TX","(32.7658696, -97.1624645)",32.7658696,-97.1624645,,,,,,,,,,,,,,,,,,,,,,,,,,,,,,,,,,,,,,,,,,,,,,,,,,
64,Karren's Diamond Hill,0.103,3.7,197,162,32.3,33.0,35665,704,75.5,69.4,19.0,16.2,17.8,30.7,2.1,359,3487,36.0,0.9,57.0,6.2,"Karren, Fort Worth, TX","(None, None)",,,,,,,,,,,,,,,,,,,,,,,,,,,,,,,,,,,,,,,,,,,,,,,,,,,,
65,Lake Country,17.591,5.1,13708,12827,38.0,41.2,80402,870,52.7,62.6,30.7,11.3,9.6,3.3,8.1,26535,1508,6.2,2.4,54.6,36.9,"Lake Country, Fort Worth, TX","(32.7191742, -97.3719600369723)",32.7191742,-97.3719600369723,,,,,,,,,,,,,,,,,,,,,,,,,,,,,,,,,,,,,,,,,,,,,,,,,,
66,Lake Worth,9.600,2.8,4859,4519,32.4,40.1,51936,758,49.0,41.9,21.3,14.6,14.2,3.1,12.7,9378,977,9.7,1.1,66.5,22.7,"Lake Worth, Fort Worth, TX","(32.81476515, -97.4809262667467)",32.81476515,-97.4809262667467,,,,,,,,,,,,,,,,,,,,,,,,,,,,,,,,,,,,,,,,,,,,,,,,,,
67,Lakeland,0.044,2.6,2,3,51.4,52.7,72708,753,51.4,56.2,29.2,22.0,5.1,0.0,3.0,6,137,3.0,2.5,63.7,30.8,"Lakeland, Fort Worth, TX","(32.80491, -97.296613)",32.80491,-97.296613,,,,,,,,,,,,,,,,,,,,,,,,,,,,,,,,,,,,,,,,,,,,,,,,,,
68,Lakewood Addition,0.047,36.,95,82,42.9,40.9,83167,981,46.7,58.6,21.8,10.0,13.5,0.0,9.7,178,3804,5.3,1.8,66.7,26.2,"Lakewood Addition, Fort Worth, TX","(None, None)",,,,,,,,,,,,,,,,,,,,,,,,,,,,,,,,,,,,,,,,,,,,,,,,,,,,
69,Linwood,1.103,1.7,522,545,31.9,35.5,53167,1341,17.9,18.8,33.5,23.4,23.0,5.8,31.7,1067,967,18.2,2.3,50.3,29.3,"Linwood, Fort Worth, TX","(30.860195, -94.856742)",30.860195,-94.856742,,,,,,,,,,,,,,,,,,,,,,,,,,,,,,,,,,,,,,,,,,,,,,,,,,
70,Marine Creek,23.293,6.5,32002,33594,32.4,35.2,55533,771,66.4,56.1,19.0,19.0,14.5,15.9,7.9,65596,2816,21.5,1.4,62.0,15.2,"Marine Creek, Fort Worth, TX","(32.826771, -97.385243)",32.826771,-97.385243,,,,,,,,,,,,,,,,,,,,,,,,,,,,,,,,,,,,,,,,,,,,,,,,,,
71,Marine Park,0.116,21.,103,84,31.6,35.3,28804,536,64.6,39.5,8.4,16.2,28.0,16.3,17.5,187,1609,37.5,0.9,57.0,4.6,"Marine Park, Fort Worth, TX","(32.826771, -97.385243)",32.826771,-97.385243,,,,,,,,,,,,,,,,,,,,,,,,,,,,,,,,,,,,,,,,,,,,,,,,,,
72,Meadowbrook,2.925,5.1,5860,5978,35.6,41.1,40795,624,52.8,36.5,20.3,21.9,16.2,10.2,18.1,11839,4048,18.6,1.6,60.7,19.1,"Meadowbrook, Fort Worth, TX","(32.7456746, -97.2619541)",32.7456746,-97.2619541,,,,,,,,,,,,,,,,,,,,,,,,,,,,,,,,,,,,,,,,,,,,,,,,,,
73,Meadowcreek,0.521,9.4,1909,2014,25.5,32.3,63579,1066,60.0,47.7,20.3,15.0,17.6,2.1,8.7,3923,7535,12.7,0.5,63.0,23.8,"Meadowcreek, Fort Worth, TX","(32.636691, -97.361338)",32.636691,-97.361338,,,,,,,,,,,,,,,,,,,,,,,,,,,,,,,,,,,,,,,,,,,,,,,,,,
74,Meadows West (Bellaire Park North),3.418,2.2,1983,1786,34.8,39.6,62103,980,34.9,38.4,43.5,11.0,13.4,0.2,8.0,3769,1103,6.8,1.2,48.5,43.5,"Meadows West , Fort Worth, TX","(None, None)",,,,,,,,,,,,,,,,,,,,,,,,,,,,,,,,,,,,,,,,,,,,,,,,,,,,
75,Meadows of Candleridge,0.263,2.5,1150,865,38.6,38.8,53674,589,58.2,45.7,26.0,11.7,17.4,1.0,10.3,2016,7661,16.3,0.4,59.9,23.5,"Meadows of Candleridge, Fort Worth, TX","(None, None)",,,,,,,,,,,,,,,,,,,,,,,,,,,,,,,,,,,,,,,,,,,,,,,,,,,,
76,Mistletoe Heights,0.740,9.1,997,822,39.6,36.3,84596,1023,46.9,48.4,39.1,16.5,17.0,0.7,5.0,1819,2460,4.1,2.5,58.3,35.2,"Mistletoe Heights, Fort Worth, TX","(None, None)",,,,,,,,,,,,,,,,,,,,,,,,,,,,,,,,,,,,,,,,,,,,,,,,,,,,
77,Mitchell Boulevard,0.757,8.3,2494,1907,25.9,30.1,33718,578,51.8,19.4,5.5,21.5,29.7,9.6,20.1,4402,5816,17.7,1.0,70.9,10.4,"Mitchell Boulevard, Fort Worth, TX","(32.699725, -97.2810605)",32.699725,-97.2810605,,,,,,,,,,,,,,,,,,,,,,,,,,,,,,,,,,,,,,,,,,,,,,,,,,
78,Mont Del,1.176,4.4,1356,938,39.7,44.2,62551,725,36.9,36.4,31.4,8.6,20.9,0.6,42.8,2294,1950,6.2,1.5,56.2,36.1,"Mont Del, Fort Worth, TX","(32.7519706, -97.3256503)",32.7519706,-97.3256503,,,,,,,,,,,,,,,,,,,,,,,,,,,,,,,,,,,,,,,,,,,,,,,,,,
79,Monticello,2.523,4.0,4615,3914,40.8,37.9,77657,1058,37.8,42.5,40.4,13.4,17.3,0.7,21.3,8530,3381,5.4,1.5,66.5,26.6,"Monticello, Fort Worth, TX","(32.364445, -97.2387309)",32.364445,-97.2387309,,,,,,,,,,,,,,,,,,,,,,,,,,,,,,,,,,,,,,,,,,,,,,,,,,
80,Morningside,4.609,8.9,12626,11075,31.8,28.5,21648,631,50.7,31.2,15.9,21.1,19.9,14.4,14.2,23701,5143,21.4,0.7,65.8,12.6,"Morningside, Fort Worth, TX","(32.714298, -97.327154)",32.714298,-97.327154,,,,,,,,,,,,,,,,,,,,,,,,,,,,,,,,,,,,,,,,,,,,,,,,,,
81,Morningside Park,0.356,3.2,1003,820,28.6,31.0,26991,666,70.6,34.2,13.0,18.7,21.5,12.8,16.5,1823,5120,21.0,0.4,68.7,10.3,"Morningside Park, Fort Worth, TX","(32.714298, -97.327154)",32.714298,-97.327154,,,,,,,,,,,,,,,,,,,,,,,,,,,,,,,,,,,,,,,,,,,,,,,,,,
82,Near East Side,0.278,38.,395,400,41.8,29.9,11838,204,57.9,13.7,2.4,25.3,25.0,3.1,15.8,796,2868,6.9,0.0,69.1,24.0,"Near East Side, Fort Worth, TX","(None, None)",,,,,,,,,,,,,,,,,,,,,,,,,,,,,,,,,,,,,,,,,,,,,,,,,,,,
83,North Beverly Hills,0.125,19.,340,333,31.6,31.7,36700,694,66.9,54.7,19.3,18.6,14.6,28.2,5.5,674,5389,36.7,0.8,53.4,9.1,"North Beverly Hills, Fort Worth, TX","(32.799087, -97.394227)",32.799087,-97.394227,,,,,,,,,,,,,,,,,,,,,,,,,,,,,,,,,,,,,,,,,,,,,,,,,,
84,North Fort Worth,127.169,,173160,168910,33.9,36.1,,,,40.8,,,17.7,,,342071,,20.8,1.5,58.6,,"North Fort Worth, Fort Worth, TX","(32.7519706, -97.3256503)",32.7519706,-97.3256503,,,,,,,,,,,,,,,,,,,,,,,,,,,,,,,,,,,,,,,,,,,,,,,,,,
85,North Greenbriar,0.226,3.5,1339,1238,28.1,29.1,35712,636,70.4,56.0,22.3,15.0,10.8,18.5,6.3,2577,11393,25.0,0.7,66.4,7.9,"North Greenbriar, Fort Worth, TX","(32.6578026, -97.4098171)",32.6578026,-97.4098171,,,,,,,,,,,,,,,,,,,,,,,,,,,,,,,,,,,,,,,,,,,,,,,,,,
86,North Side,1.457,10.,5863,6163,30.6,33.7,35041,567,58.2,43.8,18.9,23.6,17.2,31.2,10.0,12026,8251,40.4,0.9,53.0,6.1,"North Side, Fort Worth, TX","(None, None)",,,,,,,,,,,,,,,,,,,,,,,,,,,,,,,,,,,,,,,,,,,,,,,,,,,,
87,Northbrook,0.756,3.6,299,320,29.0,38.2,89583,1250,83.2,66.9,21.3,17.3,14.0,0.0,5.8,619,819,15.9,3.8,53.5,26.8,"Northbrook, Fort Worth, TX","(32.8468538, -97.3247322119536)",32.8468538,-97.3247322119536,,,,,,,,,,,,,,,,,,,,,,,,,,,,,,,,,,,,,,,,,,,,,,,,,,
88,Northeast,15.465,6.3,28840,30847,31.9,30.3,42090,634,64.4,47.5,15.2,23.7,16.8,22.7,9.3,59687,3860,33.4,0.9,56.7,9.1,"Northeast, Fort Worth, TX","(32.7519706, -97.3256503)",32.7519706,-97.3256503,,,,,,,,,,,,,,,,,,,,,,,,,,,,,,,,,,,,,,,,,,,,,,,,,,
89,Oakhurst,1.043,3.4,2871,3185,29.4,30.6,49262,714,56.7,45.0,18.5,22.2,17.7,14.7,7.9,6057,5805,29.9,0.5,55.5,14.1,"Oakhurst, Fort Worth, TX","(32.779521, -97.317985)",32.779521,-97.317985,,,,,,,,,,,,,,,,,,,,,,,,,,,,,,,,,,,,,,,,,,,,,,,,,,
90,Overton Park,0.855,2.0,1544,1394,40.8,40.2,92945,1211,41.4,36.5,30.0,13.6,14.0,0.4,21.4,2939,3439,5.7,1.5,60.0,32.8,"Overton Park, Fort Worth, TX","(32.697512, -97.38143)",32.697512,-97.38143,,,,,,,,,,,,,,,,,,,,,,,,,,,,,,,,,,,,,,,,,,,,,,,,,,
91,Overton South,1.101,7.1,2771,2540,36.1,41.8,71047,1060,48.8,41.6,20.5,11.5,11.3,3.2,13.5,5311,4825,20.1,1.8,53.3,24.8,"Overton South, Fort Worth, TX","(32.6869985, -97.3981958)",32.6869985,-97.3981958,,,,,,,,,,,,,,,,,,,,,,,,,,,,,,,,,,,,,,,,,,,,,,,,,,
92,Overton West,1.821,2.1,3232,2892,41.9,43.9,90750,1270,38.6,40.2,40.3,13.9,15.5,0.3,20.8,6125,3364,5.7,1.4,61.7,31.3,"Overton West, Fort Worth, TX","(32.6869985, -97.3981958)",32.6869985,-97.3981958,,,,,,,,,,,,,,,,,,,,,,,,,,,,,,,,,,,,,,,,,,,,,,,,,,
93,Overton Woods,1.496,5.4,1201,1237,44.4,46.3,80391,967,29.8,26.0,86.6,23.5,15.6,0.0,33.6,2438,1630,6.4,1.0,61.5,31.1,"Overton Woods, Fort Worth, TX","(32.7011033, -97.3986847)",32.7011033,-97.3986847,,,,,,,,,,,,,,,,,,,,,,,,,,,,,,,,,,,,,,,,,,,,,,,,,,
94,Park Hill,0.542,5.8,777,606,37.8,37.8,90943,906,41.2,52.8,43.0,14.7,21.1,0.5,4.9,1383,2552,5.6,0.9,54.7,38.8,"Park Hill, Fort Worth, TX","(30.860195, -94.856742)",30.860195,-94.856742,,,,,,,,,,,,,,,,,,,,,,,,,,,,,,,,,,,,,,,,,,,,,,,,,,
95,Parks District,3.744,3.8,4330,3854,34.4,34.6,84319,1027,34.3,40.0,42.5,19.4,21.9,0.8,4.8,8185,2186,8.4,1.5,55.3,34.8,"Parks District, Fort Worth, TX","(None, None)",,,,,,,,,,,,,,,,,,,,,,,,,,,,,,,,,,,,,,,,,,,,,,,,,,,,
96,Paschal Area,0.298,7.3,539,432,33.2,36.3,53969,847,32.6,16.5,68.9,23.6,35.2,9.2,41.5,972,3261,11.1,1.7,52.1,35.0,"Paschal Area, Fort Worth, TX","(None, None)",,,,,,,,,,,,,,,,,,,,,,,,,,,,,,,,,,,,,,,,,,,,,,,,,,,,
97,Polytechnic,0.232,3.4,1150,871,26.9,23.5,29132,586,64.8,43.4,20.9,15.8,20.9,20.2,6.2,2022,8699,26.5,2.2,61.8,9.4,"Polytechnic, Fort Worth, TX","(32.731175, -97.2784537513513)",32.731175,-97.2784537513513,,,,,,,,,,,,,,,,,,,,,,,,,,,,,,,,,,,,,,,,,,,,,,,,,,
98,Polytechnic Heights (Poly),3.409,7.2,10267,10145,29.6,30.4,25195,515,55.4,36.0,18.6,22.5,23.0,17.0,10.2,20413,5988,30.2,2.3,56.4,11.2,"Polytechnic Heights , Fort Worth, TX","(None, None)",,,,,,,,,,,,,,,,,,,,,,,,,,,,,,,,,,,,,,,,,,,,,,,,,,,,
99,Ramey Place,0.044,3.0,181,132,33.2,36.1,30858,717,50.4,32.2,12.0,19.6,27.3,8.2,16.3,313,7191,11.0,0.4,79.4,9.2,"Ramey Place, Fort Worth, TX","(32.7204713, -97.2248093)",32.7204713,-97.2248093,,,,,,,,,,,,,,,,,,,,,,,,,,,,,,,,,,,,,,,,,,,,,,,,,,
100,Ridglea,10.487,3.8,16899,16421,37.8,38.7,62309,770,43.7,38.8,29.0,17.1,17.0,3.9,12.9,33320,3177,10.9,2.0,63.6,23.5,"Ridglea, Fort Worth, TX","(32.723993, -97.417075)",32.723993,-97.417075,,,,,,,,,,,,,,,,,,,,,,,,,,,,,,,,,,,,,,,,,,,,,,,,,,
101,Ridglea Hills,1.982,4.4,3156,2888,38.0,38.0,60985,944,47.5,51.4,37.4,11.9,15.5,0.6,6.0,6044,3049,6.5,2.6,62.8,28.0,"Ridglea Hills, Fort Worth, TX","(32.704341, -97.4275882660012)",32.704341,-97.4275882660012,,,,,,,,,,,,,,,,,,,,,,,,,,,,,,,,,,,,,,,,,,,,,,,,,,
102,Ridglea North,3.019,2.5,4480,4220,38.7,39.9,56616,773,46.7,36.7,29.9,15.7,19.0,4.2,12.1,8700,2882,12.3,2.0,65.0,20.7,"Ridglea North, Fort Worth, TX","(32.723993, -97.417075)",32.723993,-97.417075,,,,,,,,,,,,,,,,,,,,,,,,,,,,,,,,,,,,,,,,,,,,,,,,,,
103,Ridgmar,3.543,2.4,4513,4085,41.5,37.8,57006,709,42.7,41.0,32.7,15.6,16.9,3.4,6.7,8599,2427,7.3,1.6,64.7,26.5,"Ridgmar, Fort Worth, TX","(32.737039, -97.422288)",32.737039,-97.422288,,,,,,,,,,,,,,,,,,,,,,,,,,,,,,,,,,,,,,,,,,,,,,,,,,
104,River Oaks,5.320,2.8,9470,9873,32.2,35.9,43179,625,56.7,45.3,22.8,19.7,14.8,15.9,9.1,19344,3636,26.8,1.3,58.6,13.4,"River Oaks, Fort Worth, TX","(32.765875, -97.4079071)",32.765875,-97.4079071,,,,,,,,,,,,,,,,,,,,,,,,,,,,,,,,,,,,,,,,,,,,,,,,,,
105,Riverbend,0.281,2.5,423,377,48.8,45.4,89408,716,46.7,45.4,30.2,11.5,7.0,14.0,4.5,801,2852,25.3,0.7,54.8,19.2,"Riverbend, Fort Worth, TX","(32.7029539, -97.4202266)",32.7029539,-97.4202266,,,,,,,,,,,,,,,,,,,,,,,,,,,,,,,,,,,,,,,,,,,,,,,,,,
106,Riverside,5.140,3.5,16558,16693,32.1,28.6,42994,630,60.9,42.1,14.5,22.3,18.4,18.2,10.5,33252,6469,31.4,1.0,56.2,11.5,"Riverside, Fort Worth, TX","(32.9095436, -97.3067426)",32.9095436,-97.3067426,,,,,,,,,,,,,,,,,,,,,,,,,,,,,,,,,,,,,,,,,,,,,,,,,,
107,Rock Island,1.811,3.4,1939,1637,29.9,26.0,36303,569,63.7,40.7,12.5,18.9,24.0,9.1,14.9,3577,1975,42.2,0.9,51.3,6.0,"Rock Island, Fort Worth, TX","(32.6765209, -97.4003065)",32.6765209,-97.4003065,,,,,,,,,,,,,,,,,,,,,,,,,,,,,,,,,,,,,,,,,,,,,,,,,,
108,Rosemont,1.192,3.7,2683,2626,30.0,30.2,39456,578,51.8,41.2,13.5,24.2,20.4,0.0,11.5,5309,4454,32.2,0.6,63.6,3.6,"Rosemont, Fort Worth, TX","(32.728579, -97.422801)",32.728579,-97.422801,,,,,,,,,,,,,,,,,,,,,,,,,,,,,,,,,,,,,,,,,,,,,,,,,,
109,Rosen Heights,1.748,5.8,7044,7627,32.9,33.1,36254,614,61.8,49.2,22.1,20.7,16.2,25.1,8.1,14672,8392,37.1,1.1,54.4,7.7,"Rosen Heights, Fort Worth, TX","(32.7911746, -97.3680491680333)",32.7911746,-97.3680491680333,,,,,,,,,,,,,,,,,,,,,,,,,,,,,,,,,,,,,,,,,,,,,,,,,,
110,Ryan Place,1.169,15.,3700,3730,33.6,32.3,45303,613,53.2,43.5,23.1,22.9,15.6,12.4,8.7,7430,6355,23.5,0.4,58.1,18.0,"Ryan Place, Fort Worth, TX","(32.6601869, -97.4196295)",32.6601869,-97.4196295,,,,,,,,,,,,,,,,,,,,,,,,,,,,,,,,,,,,,,,,,,,,,,,,,,
111,Ryanwood,1.916,6.5,4811,4188,35.7,39.6,47118,747,37.2,32.5,18.4,15.2,19.3,1.9,21.4,8999,4696,5.9,0.9,65.4,27.8,"Ryanwood, Fort Worth, TX","(32.7585733, -97.2030814)",32.7585733,-97.2030814,,,,,,,,,,,,,,,,,,,,,,,,,,,,,,,,,,,,,,,,,,,,,,,,,,
112,Sagamore Hill,2.234,6.5,2919,2588,34.6,37.0,60644,735,50.3,36.3,21.4,17.4,23.4,4.0,17.0,5507,2466,15.0,1.9,48.9,34.2,"Sagamore Hill, Fort Worth, TX","(32.7385929, -97.2575764)",32.7385929,-97.2575764,,,,,,,,,,,,,,,,,,,,,,,,,,,,,,,,,,,,,,,,,,,,,,,,,,
113,Sandy Oaks,0.945,5.8,1200,1225,34.9,36.3,61895,901,60.5,42.4,17.0,19.8,17.3,8.3,12.8,2425,2566,15.4,0.9,63.5,20.2,"Sandy Oaks, Fort Worth, TX","(32.758459, -97.198318)",32.758459,-97.198318,,,,,,,,,,,,,,,,,,,,,,,,,,,,,,,,,,,,,,,,,,,,,,,,,,
114,Sandybrook,0.148,3.1,189,230,24.6,30.3,36472,599,75.7,41.9,19.7,31.9,11.3,16.7,12.1,419,2835,16.7,1.2,59.2,22.9,"Sandybrook, Fort Worth, TX","(32.772328, -97.208434)",32.772328,-97.208434,,,,,,,,,,,,,,,,,,,,,,,,,,,,,,,,,,,,,,,,,,,,,,,,,,
115,Sansom Park,4.476,4.8,10403,11307,30.4,34.5,40629,630,66.0,47.6,17.0,21.8,16.3,16.1,7.2,21710,4850,28.0,1.3,59.3,11.4,"Sansom Park, Fort Worth, TX","(32.811701, -97.377314)",32.811701,-97.377314,,,,,,,,,,,,,,,,,,,,,,,,,,,,,,,,,,,,,,,,,,,,,,,,,,
116,Scenic Bluff,0.870,3.5,2408,2100,28.0,25.8,43715,689,68.5,39.3,18.8,27.9,18.4,12.4,11.8,4509,5183,29.3,0.2,56.4,14.1,"Scenic Bluff, Fort Worth, TX","(None, None)",,,,,,,,,,,,,,,,,,,,,,,,,,,,,,,,,,,,,,,,,,,,,,,,,,,,
117,Shaw Clarke,0.184,2.2,357,412,47.5,54.4,101667,605,49.7,61.7,38.1,13.9,2.7,24.6,8.0,770,4195,20.7,0.2,59.7,19.4,"Shaw Clarke, Fort Worth, TX","(None, None)",,,,,,,,,,,,,,,,,,,,,,,,,,,,,,,,,,,,,,,,,,,,,,,,,,,,
118,South Edgewood,0.106,3.0,313,272,21.2,36.5,20391,339,34.7,24.5,20.1,15.7,18.6,8.8,8.9,585,5505,9.2,1.9,78.0,12.4,"South Edgewood, Fort Worth, TX","(32.693739, -97.253389)",32.693739,-97.253389,,,,,,,,,,,,,,,,,,,,,,,,,,,,,,,,,,,,,,,,,,,,,,,,,,
119,South Fort Worth,168.530,,255926,238624,34.2,37.1,,,,41.3,,,17.9,,,494551,,15.4,1.2,61.1,,"South Fort Worth, Fort Worth, TX","(32.7519706, -97.3256503)",32.7519706,-97.3256503,,,,,,,,,,,,,,,,,,,,,,,,,,,,,,,,,,,,,,,,,,,,,,,,,,
120,South Greenbriar,0.270,3.4,910,835,35.1,33.6,55838,745,74.1,66.5,17.6,8.5,14.7,12.6,9.6,1746,6460,25.0,0.7,66.4,7.9,"South Greenbriar, Fort Worth, TX","(32.6578026, -97.4098171)",32.6578026,-97.4098171,,,,,,,,,,,,,,,,,,,,,,,,,,,,,,,,,,,,,,,,,,,,,,,,,,
121,South Hemphill Heights,0.237,4.1,872,822,46.5,41.9,78205,648,52.7,50.9,28.0,17.6,11.4,10.9,9.0,1694,7157,20.8,0.2,59.7,19.4,"South Hemphill Heights, Fort Worth, TX","(None, None)",,,,,,,,,,,,,,,,,,,,,,,,,,,,,,,,,,,,,,,,,,,,,,,,,,,,
122,South Hills,5.205,7.2,16113,16195,32.1,33.8,55514,699,61.9,51.5,21.3,17.1,17.7,13.8,7.2,32309,6208,24.3,0.7,61.9,13.1,"South Hills, Fort Worth, TX","(32.696303, -97.363973)",32.696303,-97.363973,,,,,,,,,,,,,,,,,,,,,,,,,,,,,,,,,,,,,,,,,,,,,,,,,,
123,South Meadows Crossing,0.166,3.6,110,114,25.9,27.2,39567,737,80.9,74.1,25.7,21.7,2.7,16.2,4.5,225,1353,23.8,0.7,56.7,18.8,"South Meadows Crossing, Fort Worth, TX","(32.676218, -97.427748)",32.676218,-97.427748,,,,,,,,,,,,,,,,,,,,,,,,,,,,,,,,,,,,,,,,,,,,,,,,,,
124,South Poly,0.371,3.5,616,520,27.3,29.0,30383,549,50.9,39.8,28.7,5.8,19.5,15.3,13.6,1137,3068,24.6,1.8,66.5,7.0,"South Poly, Fort Worth, TX","(32.690787, -97.241937)",32.690787,-97.241937,,,,,,,,,,,,,,,,,,,,,,,,,,,,,,,,,,,,,,,,,,,,,,,,,,
125,Southland Terrace,0.443,3.8,671,721,29.1,29.0,37159,521,61.1,72.9,24.0,17.5,15.9,0.0,1.6,1393,3145,37.9,0.5,53.3,8.2,"Southland Terrace, Fort Worth, TX","(32.7355304, -97.3426254)",32.7355304,-97.3426254,,,,,,,,,,,,,,,,,,,,,,,,,,,,,,,,,,,,,,,,,,,,,,,,,,
126,Southwest Fort Worth,68.181,,125710,114059,33.1,35.7,,,,45.6,,,17.7,,,239769,,15.2,1.0,60.4,,"Southwest Fort Worth, Fort Worth, TX","(32.7519706, -97.3256503)",32.7519706,-97.3256503,,,,,,,,,,,,,,,,,,,,,,,,,,,,,,,,,,,,,,,,,,,,,,,,,,
127,Springdale,0.033,3.9,320,254,35.8,27.7,46977,548,62.3,43.0,8.1,22.2,17.7,32.3,11.0,575,17291,36.0,1.9,53.6,8.4,"Springdale, Fort Worth, TX","(32.788068, -97.299453)",32.788068,-97.299453,,,,,,,,,,,,,,,,,,,,,,,,,,,,,,,,,,,,,,,,,,,,,,,,,,
128,Stockyards,5.477,9.0,13851,14273,31.3,32.8,35859,564,59.3,44.7,17.6,22.7,17.9,29.3,12.0,28125,5135,38.2,1.3,53.1,7.8,"Stockyards, Fort Worth, TX","(32.7883841, -97.3455556)",32.7883841,-97.3455556,,,,,,,,,,,,,,,,,,,,,,,,,,,,,,,,,,,,,,,,,,,,,,,,,,
129,Stonegate,0.435,1.9,429,384,38.7,36.0,72897,1207,35.3,42.6,45.1,16.9,17.7,0.7,22.0,814,1871,5.8,1.5,60.1,32.6,"Stonegate, Fort Worth, TX","(32.7834661, -97.4711395)",32.7834661,-97.4711395,,,,,,,,,,,,,,,,,,,,,,,,,,,,,,,,,,,,,,,,,,,,,,,,,,
130,Stop Six,1.472,3.2,3315,3103,28.4,36.6,25560,562,56.7,25.0,11.9,22.9,22.6,9.6,16.3,6418,4362,18.4,1.3,72.5,7.9,"Stop Six, Fort Worth, TX","(32.734555, -97.2172796364652)",32.734555,-97.2172796364652,,,,,,,,,,,,,,,,,,,,,,,,,,,,,,,,,,,,,,,,,,,,,,,,,,
131,Stop Six Sunrise Edition,0.483,10.,2028,1485,28.0,32.9,28519,718,50.6,32.1,12.0,19.7,27.3,8.7,16.2,3513,7267,10.9,0.4,79.5,9.2,"Stop Six Sunrise Edition, Fort Worth, TX","(None, None)",,,,,,,,,,,,,,,,,,,,,,,,,,,,,,,,,,,,,,,,,,,,,,,,,,,,
132,Summerfields,7.229,3.3,11320,12272,26.1,31.2,61344,939,58.7,40.6,14.5,23.9,18.2,8.1,15.9,23593,3264,11.2,3.5,51.8,33.6,"Summerfields, Fort Worth, TX","(32.8858459, -97.3038601)",32.8858459,-97.3038601,,,,,,,,,,,,,,,,,,,,,,,,,,,,,,,,,,,,,,,,,,,,,,,,,,
133,Sylvan Heights West,0.390,3.7,1348,1508,29.8,28.2,47435,656,66.1,50.2,14.5,20.0,18.5,26.6,13.6,2857,7333,36.0,1.9,53.6,8.4,"Sylvan Heights West, Fort Worth, TX","(None, None)",,,,,,,,,,,,,,,,,,,,,,,,,,,,,,,,,,,,,,,,,,,,,,,,,,,,
134,Tanglewood,0.634,2.0,1138,1043,36.1,35.5,93039,1182,41.5,33.5,33.7,14.1,12.3,0.2,14.3,2182,3444,5.8,1.5,60.1,32.6,"Tanglewood, Fort Worth, TX","(32.7019232, -97.3806287)",32.7019232,-97.3806287,,,,,,,,,,,,,,,,,,,,,,,,,,,,,,,,,,,,,,,,,,,,,,,,,,
135,Texas Christian University District (TCU),0.416,6.9,2411,1725,30.5,30.1,108738,1040,38.0,44.0,12.8,35.5,51.4,0.4,1.3,4136,9935,7.0,1.0,53.8,38.1,"Texas Christian University District , Fort Worth, TX","(None, None)",,,,,,,,,,,,,,,,,,,,,,,,,,,,,,,,,,,,,,,,,,,,,,,,,,,,
136,The Bunch-Ellington Club,0.022,2.8,32,25,20.4,42.5,35391,773,44.8,20.4,12.6,20.0,22.1,3.7,16.4,58,2646,13.7,0.6,72.5,13.2,"The Bunch, Fort Worth, TX","(None, None)",,,,,,,,,,,,,,,,,,,,,,,,,,,,,,,,,,,,,,,,,,,,,,,,,,,,
137,United Riverside,0.643,3.1,2003,1930,38.3,28.0,23266,172,62.5,4.7,0.9,24.8,27.6,0.4,14.2,3934,6122,14.8,0.3,65.7,19.4,"United Riverside, Fort Worth, TX","(None, None)",,,,,,,,,,,,,,,,,,,,,,,,,,,,,,,,,,,,,,,,,,,,,,,,,,,,
138,University Place,0.536,7.7,1407,1307,33.8,33.4,118575,985,36.4,45.4,27.1,31.6,33.9,0.2,5.7,2714,5062,7.6,1.1,53.6,37.7,"University Place, Fort Worth, TX","(32.7684548, -97.357096)",32.7684548,-97.357096,,,,,,,,,,,,,,,,,,,,,,,,,,,,,,,,,,,,,,,,,,,,,,,,,,
139,University West,0.452,6.7,982,785,30.3,30.2,107111,951,54.9,66.0,29.6,17.9,30.7,0.1,1.1,1768,3913,5.2,0.8,55.0,38.9,"University West, Fort Worth, TX","(32.7684548, -97.357096)",32.7684548,-97.357096,,,,,,,,,,,,,,,,,,,,,,,,,,,,,,,,,,,,,,,,,,,,,,,,,,
140,Vicki Lane-Bowie Street,0.045,3.2,78,63,31.9,26.6,23815,654,53.3,46.0,4.9,22.9,16.5,5.2,26.0,142,3128,20.5,0.0,69.2,10.3,"Vicki Lane, Fort Worth, TX","(None, None)",,,,,,,,,,,,,,,,,,,,,,,,,,,,,,,,,,,,,,,,,,,,,,,,,,,,
141,Wedgewood East,1.690,5.0,5761,4929,34.4,38.2,56692,718,48.6,45.9,20.9,14.2,17.2,3.0,19.5,10691,6326,10.3,0.6,65.5,23.6,"Wedgewood East, Fort Worth, TX","(32.64994115, -97.4063599884127)",32.64994115,-97.4063599884127,,,,,,,,,,,,,,,,,,,,,,,,,,,,,,,,,,,,,,,,,,,,,,,,,,
142,Wedgwood,4.302,5.6,11877,10518,36.4,41.7,59941,846,45.8,45.4,21.7,13.7,15.4,2.9,17.7,22395,5206,9.7,0.8,63.2,26.3,"Wedgwood, Fort Worth, TX","(32.6596717, -97.3990884)",32.6596717,-97.3990884,,,,,,,,,,,,,,,,,,,,,,,,,,,,,,,,,,,,,,,,,,,,,,,,,,
143,Wedgwood South,0.782,2.6,1628,1657,37.3,42.3,54421,833,47.1,50.7,19.5,18.4,14.1,5.2,19.6,3286,4205,11.8,1.0,56.9,30.3,"Wedgwood South, Fort Worth, TX","(32.6596717, -97.3990884)",32.6596717,-97.3990884,,,,,,,,,,,,,,,,,,,,,,,,,,,,,,,,,,,,,,,,,,,,,,,,,,
144,Wedgwood Square,0.711,12.,1756,1489,38.8,44.9,74556,929,50.3,45.8,20.9,12.7,14.0,4.9,4.7,3246,4568,9.8,0.8,62.0,27.4,"Wedgwood Square, Fort Worth, TX","(32.6596717, -97.3990884)",32.6596717,-97.3990884,,,,,,,,,,,,,,,,,,,,,,,,,,,,,,,,,,,,,,,,,,,,,,,,,,
145,Wedgwood West,0.724,6.0,1264,1358,37.6,42.1,55799,1094,39.1,56.2,30.2,14.1,9.7,1.5,17.4,2622,3621,7.2,1.0,61.2,30.5,"Wedgwood West, Fort Worth, TX","(32.6596717, -97.3990884)",32.6596717,-97.3990884,,,,,,,,,,,,,,,,,,,,,,,,,,,,,,,,,,,,,,,,,,,,,,,,,,
146,West Byers,0.140,1.7,592,473,53.9,47.4,96944,695,25.7,39.7,25.3,17.6,19.4,0.9,32.8,1065,7585,2.9,1.4,62.9,32.9,"West Byers, Fort Worth, TX","(32.738942, -97.40752)",32.738942,-97.40752,,,,,,,,,,,,,,,,,,,,,,,,,,,,,,,,,,,,,,,,,,,,,,,,,,
147,West Fort Worth,242.096,,307037,296519,34.0,36.7,,,,45.1,,,16.2,,,603557,,16.0,1.3,60.2,,"West Fort Worth, Fort Worth, TX","(32.7519706, -97.3256503)",32.7519706,-97.3256503,,,,,,,,,,,,,,,,,,,,,,,,,,,,,,,,,,,,,,,,,,,,,,,,,,
148,West Meadowbrook,4.356,5.6,7789,7172,36.6,37.0,35739,601,52.5,39.0,19.2,20.0,20.2,10.3,16.4,14962,3434,24.0,1.3,58.3,16.3,"West Meadowbrook, Fort Worth, TX","(32.7456129, -97.1855255)",32.7456129,-97.1855255,,,,,,,,,,,,,,,,,,,,,,,,,,,,,,,,,,,,,,,,,,,,,,,,,,
149,Westcliff (TCU),9.989,5.8,20538,19125,35.1,36.8,79893,1013,42.3,43.0,34.6,21.4,22.4,2.6,11.7,39664,3971,10.0,1.3,59.2,29.5,"Westcliff , Fort Worth, TX","(None, None)",,,,,,,,,,,,,,,,,,,,,,,,,,,,,,,,,,,,,,,,,,,,,,,,,,,,
150,Westcliff West,0.618,5.7,1266,1749,32.0,36.0,96481,1114,43.2,52.6,35.8,25.0,8.8,0.3,2.5,3015,4877,6.6,1.4,60.6,31.4,"Westcliff West, Fort Worth, TX","(32.7006077, -97.372294)",32.7006077,-97.372294,,,,,,,,,,,,,,,,,,,,,,,,,,,,,,,,,,,,,,,,,,,,,,,,,,
151,Western Hills,4.309,9.2,8700,9298,35.5,37.9,45806,603,44.8,30.0,20.6,21.9,19.1,6.6,19.4,17999,4177,12.1,1.2,63.3,23.5,"Western Hills, Fort Worth, TX","(32.717325, -97.4666772)",32.717325,-97.4666772,,,,,,,,,,,,,,,,,,,,,,,,,,,,,,,,,,,,,,,,,,,,,,,,,,
152,Western Hills North,0.682,12.,1597,1947,27.9,31.2,38992,658,47.1,32.8,23.4,19.6,12.9,8.1,14.7,3545,5202,12.2,0.8,60.9,26.1,"Western Hills North, Fort Worth, TX","(32.717325, -97.4666772)",32.717325,-97.4666772,,,,,,,,,,,,,,,,,,,,,,,,,,,,,,,,,,,,,,,,,,,,,,,,,,
153,Westover Hills,3.389,2.2,8080,7173,46.0,42.4,70907,761,37.2,38.4,33.1,17.3,17.0,1.6,14.2,15253,4501,4.0,1.2,66.6,28.3,"Westover Hills, Fort Worth, TX","(None, None)",,,,,,,,,,,,,,,,,,,,,,,,,,,,,,,,,,,,,,,,,,,,,,,,,,,,
154,Westworth Village,1.767,2.9,712,356,29.3,40.5,52709,702,55.3,51.4,13.9,14.2,20.5,7.6,3.6,1069,605,12.2,1.9,55.8,30.1,"Westworth Village, Fort Worth, TX","(None, None)",,,,,,,,,,,,,,,,,,,,,,,,,,,,,,,,,,,,,,,,,,,,,,,,,,,,
155,White Lake Hills,1.178,6.2,1315,1297,35.3,39.7,47622,1342,37.0,33.9,21.2,17.4,10.4,2.5,12.5,2613,2218,9.1,1.5,61.6,27.8,"White Lake Hills, Fort Worth, TX","(32.76020545, -97.2521603668004)",32.76020545,-97.2521603668004,,,,,,,,,,,,,,,,,,,,,,,,,,,,,,,,,,,,,,,,,,,,,,,,,,
156,Willow Creek,0.295,3.2,425,291,25.5,31.8,44115,738,65.1,16.3,3.9,15.0,30.5,1.7,24.5,717,2429,11.4,0.4,63.9,24.4,"Willow Creek, Fort Worth, TX","(32.763559, -97.247537)",32.763559,-97.247537,,,,,,,,,,,,,,,,,,,,,,,,,,,,,,,,,,,,,,,,,,,,,,,,,,
157,Woodhaven,2.723,6.8,3942,3679,32.7,37.7,45182,632,45.8,22.4,13.2,23.5,24.7,9.5,21.5,7621,2799,17.6,1.1,54.3,27.0,"Woodhaven, Fort Worth, TX","(32.767512, -97.2423249)",32.767512,-97.2423249,,,,,,,,,,,,,,,,,,,,,,,,,,,,,,,,,,,,,,,,,,,,,,,,,,
158,Woodway,0.216,2.7,514,502,33.4,35.2,47405,851,53.7,37.4,19.7,23.4,19.2,5.9,16.4,1016,4709,12.8,1.0,55.5,30.6,"Woodway, Fort Worth, TX","(32.649679, -97.37698)",32.649679,-97.37698,,,,,,,,,,,,,,,,,,,,,,,,,,,,,,,,,,,,,,,,,,,,,,,,,,
159,Worth Heights,1.836,8.9,3467,3578,31.1,29.5,37795,567,54.8,51.7,19.3,21.8,16.9,14.6,8.1,7045,3837,33.0,0.6,59.8,6.7,"Worth Heights, Fort Worth, TX","(32.6984068, -97.3210882)",32.6984068,-97.3210882,,,,,,,,,,,,,,,,,,,,,,,,,,,,,,,,,,,,,,,,,,,,,,,,,,
