Name,URL
Alamo Heights,https://www.city-data.com/neighborhood/Alamo-Heights-Fort-Worth-TX.html
Arlington Heights,https://www.city-data.com/neighborhood/Arlington-Heights-Fort-Worth-TX.html
Arlington Heights Sector,https://www.city-data.com/neighborhood/Arlington-Heights-Sector-Fort-Worth-TX.html
Basswood Park,https://www.city-data.com/neighborhood/Basswood-Park-Fort-Worth-TX.html
Belmont Terrace,https://www.city-data.com/neighborhood/Belmont-Terrace-Fort-Worth-TX.html
Benbrook,https://www.city-data.com/neighborhood/Benbrook-Fort-Worth-TX.html
Benbrook North,https://www.city-data.com/neighborhood/Benbrook-North-Fort-Worth-TX.html
Bentley Village,https://www.city-data.com/neighborhood/Bentley-Village-Fort-Worth-TX.html
Berkeley Place,https://www.city-data.com/neighborhood/Berkeley-Place-Fort-Worth-TX.html
Bluebonnet Hills,https://www.city-data.com/neighborhood/Bluebonnet-Hills-Fort-Worth-TX.html
Bluebonnet Place,https://www.city-data.com/neighborhood/Bluebonnet-Place-Fort-Worth-TX.html
Bomber Heights,https://www.city-data.com/neighborhood/Bomber-Heights-Fort-Worth-TX.html
Bonnie Brae,https://www.city-data.com/neighborhood/Bonnie-Brae-Fort-Worth-TX.html
Brentmoor,https://www.city-data.com/neighborhood/Brentmoor-Fort-Worth-TX.html
Brentwood-Oak Hills,https://www.city-data.com/neighborhood/Brentwood-Oak-Hills-Fort-Worth-TX.html
Burton Hill Trinity Trails,https://www.city-data.com/neighborhood/Burton-Hill-Trinity-Trails-Fort-Worth-TX.html
Byers McCart,https://www.city-data.com/neighborhood/Byers-McCart-Fort-Worth-TX.html
Camp Bowie (Camp Bowie Historic District),https://www.city-data.com/neighborhood/Camp-Bowie-Fort-Worth-TX.html
Candleridge,https://www.city-data.com/neighborhood/Candleridge-Fort-Worth-TX.html
Carol Oaks,https://www.city-data.com/neighborhood/Carol-Oaks-Fort-Worth-TX.html
Carter Park,https://www.city-data.com/neighborhood/Carter-Park-Fort-Worth-TX.html
Carter Riverside,https://www.city-data.com/neighborhood/Carter-Riverside-Fort-Worth-TX.html
Carver Heights East,https://www.city-data.com/neighborhood/Carver-Heights-East-Fort-Worth-TX.html
Central Meadowbrook,https://www.city-data.com/neighborhood/Central-Meadowbrook-Fort-Worth-TX.html
Chapel Creek,https://www.city-data.com/neighborhood/Chapel-Creek-Fort-Worth-TX.html
Chapin and Alemeda,https://www.city-data.com/neighborhood/Chapin-and-Alemeda-Fort-Worth-TX.html
Colonial/Bellaire,https://www.city-data.com/neighborhood/Colonial-Bellaire-Fort-Worth-TX.html
Como,https://www.city-data.com/neighborhood/Como-Fort-Worth-TX.html
Como,https://www.city-data.com/neighborhood/Como-Fort-Worth-TX.html
Cooke's Meadow,https://www.city-data.com/neighborhood/Cooke-s-Meadow-Fort-Worth-TX.html
Crest Ridge (Jenkins Heights),https://www.city-data.com/neighborhood/Crest-Ridge-Fort-Worth-TX.html
Crestline (River Crest),https://www.city-data.com/neighborhood/Crestline-Fort-Worth-TX.html
Crestwood,https://www.city-data.com/neighborhood/Crestwood-Fort-Worth-TX.html
Cultural District,https://www.city-data.com/neighborhood/Cultural-District-Fort-Worth-TX.html
Diamond Hill,https://www.city-data.com/neighborhood/Diamond-Hill-Fort-Worth-TX.html
Diamond Hill-Jarvis,https://www.city-data.com/neighborhood/Diamond-Hill-Jarvis-Fort-Worth-TX.html
Downtown,https://www.city-data.com/neighborhood/Downtown-Fort-Worth-TX.html
East Fort Worth,https://www.city-data.com/neighborhood/East-Fort-Worth-Fort-Worth-TX.html
East Libbey Avenue,https://www.city-data.com/neighborhood/East-Libbey-Avenue-Fort-Worth-TX.html
Eastchase,https://www.city-data.com/neighborhood/Eastchase-Fort-Worth-TX.html
Eastern Hills,https://www.city-data.com/neighborhood/Eastern-Hills-Fort-Worth-TX.html
Eastland,https://www.city-data.com/neighborhood/Eastland-Fort-Worth-TX.html
Eastwood,https://www.city-data.com/neighborhood/Eastwood-Fort-Worth-TX.html
Eastwood Pleasant Glade,https://www.city-data.com/neighborhood/Eastwood-Pleasant-Glade-Fort-Worth-TX.html
Echo Heights,https://www.city-data.com/neighborhood/Echo-Heights-Fort-Worth-TX.html
El Poly Pyramid,https://www.city-data.com/neighborhood/El-Poly-Pyramid-Fort-Worth-TX.html
FW Vista West,https://www.city-data.com/neighborhood/FW-Vista-West-Fort-Worth-TX.html
Fairmount,https://www.city-data.com/neighborhood/Fairmount-Fort-Worth-TX.html
Far East Fort Worth,https://www.city-data.com/neighborhood/Far-East-Fort-Worth-Fort-Worth-TX.html
Far Greater Northside Historical,https://www.city-data.com/neighborhood/Far-Greater-Northside-Historical-Fort-Worth-TX.html
Far North Fort Worth,https://www.city-data.com/neighborhood/Far-North-Fort-Worth-Fort-Worth-TX.html
Far Southwest,https://www.city-data.com/neighborhood/Far-Southwest-Fort-Worth-TX.html
Fossil Creek,https://www.city-data.com/neighborhood/Fossil-Creek-Fort-Worth-TX.html
Fossil Park,https://www.city-data.com/neighborhood/Fossil-Park-Fort-Worth-TX.html
Foster Park,https://www.city-data.com/neighborhood/Foster-Park-Fort-Worth-TX.html
Frisco Heights,https://www.city-data.com/neighborhood/Frisco-Heights-Fort-Worth-TX.html
Glenwood Triangle,https://www.city-data.com/neighborhood/Glenwood-Triangle-Fort-Worth-TX.html
Greenfield Acres,https://www.city-data.com/neighborhood/Greenfield-Acres-Fort-Worth-TX.html
Greenway,https://www.city-data.com/neighborhood/Greenway-Fort-Worth-TX.html
Hallmark-Camelot,https://www.city-data.com/neighborhood/Hallmark-Camelot-Fort-Worth-TX.html
Hamlet,https://www.city-data.com/neighborhood/Hamlet-Fort-Worth-TX.html
Hampshire (South Meadowbrook),https://www.city-data.com/neighborhood/Hampshire-Fort-Worth-TX.html
Handley,https://www.city-data.com/neighborhood/Handley-Fort-Worth-TX.html
Harmony,https://www.city-data.com/neighborhood/Harmony-Fort-Worth-TX.html
Highland Hills,https://www.city-data.com/neighborhood/Highland-Hills-Fort-Worth-TX.html
Hillside Morningside,https://www.city-data.com/neighborhood/Hillside-Morningside-Fort-Worth-TX.html
Historic Southside,https://www.city-data.com/neighborhood/Historic-Southside-Fort-Worth-TX.html
Hulen,https://www.city-data.com/neighborhood/Hulen-Fort-Worth-TX.html
Hulen Springs Meadow,https://www.city-data.com/neighborhood/Hulen-Springs-Meadow-Fort-Worth-TX.html
Jennings-May St. Louis,https://www.city-data.com/neighborhood/Jennings-May-St.-Louis-Fort-Worth-TX.html
John T White,https://www.city-data.com/neighborhood/John-T-White-Fort-Worth-TX.html
Karren's Diamond Hill,https://www.city-data.com/neighborhood/Karren-s-Diamond-Hill-Fort-Worth-TX.html
Lake Country,https://www.city-data.com/neighborhood/Lake-Country-Fort-Worth-TX.html
Lake Worth,https://www.city-data.com/neighborhood/Lake-Worth-Fort-Worth-TX.html
Lakeland,https://www.city-data.com/neighborhood/Lakeland-Fort-Worth-TX.html
Lakewood Addition,https://www.city-data.com/neighborhood/Lakewood-Addition-Fort-Worth-TX.html
Linwood,https://www.city-data.com/neighborhood/Linwood-Fort-Worth-TX.html
Marine Creek,https://www.city-data.com/neighborhood/Marine-Creek-Fort-Worth-TX.html
Marine Creek Hills,https://www.city-data.com/neighborhood/Marine-Creek-Hills-Fort-Worth-TX.html
Marine Park,https://www.city-data.com/neighborhood/Marine-Park-Fort-Worth-TX.html
Meadowbrook,https://www.city-data.com/neighborhood/Meadowbrook-Fort-Worth-TX.html
Meadowcreek,https://www.city-data.com/neighborhood/Meadowcreek-Fort-Worth-TX.html
Meadows West (Bellaire Park North),https://www.city-data.com/neighborhood/Meadows-West-Fort-Worth-TX.html
Meadows of Candleridge,https://www.city-data.com/neighborhood/Meadows-of-Candleridge-Fort-Worth-TX.html
Mistletoe Heights,https://www.city-data.com/neighborhood/Mistletoe-Heights-Fort-Worth-TX.html
Mitchell Boulevard,https://www.city-data.com/neighborhood/Mitchell-Boulevard-Fort-Worth-TX.html
Mont Del,https://www.city-data.com/neighborhood/Mont-Del-Fort-Worth-TX.html
Monticello,https://www.city-data.com/neighborhood/Monticello-Fort-Worth-TX.html
Morningside,https://www.city-data.com/neighborhood/Morningside-Fort-Worth-TX.html
Morningside Park,https://www.city-data.com/neighborhood/Morningside-Park-Fort-Worth-TX.html
Near East Side,https://www.city-data.com/neighborhood/Near-East-Side-Fort-Worth-TX.html
North Beverly Hills,https://www.city-data.com/neighborhood/North-Beverly-Hills-Fort-Worth-TX.html
North Fort Worth,https://www.city-data.com/neighborhood/North-Fort-Worth-Fort-Worth-TX.html
North Greenbriar,https://www.city-data.com/neighborhood/North-Greenbriar-Fort-Worth-TX.html
North Side,https://www.city-data.com/neighborhood/North-Side-Fort-Worth-TX.html
Northbrook,https://www.city-data.com/neighborhood/Northbrook-Fort-Worth-TX.html
Northeast,https://www.city-data.com/neighborhood/Northeast-Fort-Worth-TX.html
Oakhurst,https://www.city-data.com/neighborhood/Oakhurst-Fort-Worth-TX.html
Overton Park,https://www.city-data.com/neighborhood/Overton-Park-Fort-Worth-TX.html
Overton South,https://www.city-data.com/neighborhood/Overton-South-Fort-Worth-TX.html
Overton West,https://www.city-data.com/neighborhood/Overton-West-Fort-Worth-TX.html
Overton Woods,https://www.city-data.com/neighborhood/Overton-Woods-Fort-Worth-TX.html
Park Hill,https://www.city-data.com/neighborhood/Park-Hill-Fort-Worth-TX.html
Park Place,https://www.city-data.com/neighborhood/Park-Place-Fort-Worth-TX.html
Parks District,https://www.city-data.com/neighborhood/Parks-District-Fort-Worth-TX.html
Parkview62,https://www.city-data.com/neighborhood/Parkview62-Fort-Worth-TX.html
Paschal Area,https://www.city-data.com/neighborhood/Paschal-Area-Fort-Worth-TX.html
Polytechnic,https://www.city-data.com/neighborhood/Polytechnic-Fort-Worth-TX.html
Polytechnic Heights (Poly),https://www.city-data.com/neighborhood/Polytechnic-Heights-Fort-Worth-TX.html
Ramey Place,https://www.city-data.com/neighborhood/Ramey-Place-Fort-Worth-TX.html
Ridglea,https://www.city-data.com/neighborhood/Ridglea-Fort-Worth-TX.html
Ridglea Hills,https://www.city-data.com/neighborhood/Ridglea-Hills-Fort-Worth-TX.html
Ridglea North,https://www.city-data.com/neighborhood/Ridglea-North-Fort-Worth-TX.html
Ridgmar,https://www.city-data.com/neighborhood/Ridgmar-Fort-Worth-TX.html
River Oaks,https://www.city-data.com/neighborhood/River-Oaks-Fort-Worth-TX.html
Riverbend,https://www.city-data.com/neighborhood/Riverbend-Fort-Worth-TX.html
Riverside,https://www.city-data.com/neighborhood/Riverside-Fort-Worth-TX.html
Rock Island,https://www.city-data.com/neighborhood/Rock-Island-Fort-Worth-TX.html
Rosemont,https://www.city-data.com/neighborhood/Rosemont-Fort-Worth-TX.html
Rosen Heights,https://www.city-data.com/neighborhood/Rosen-Heights-Fort-Worth-TX.html
Ryan Place,https://www.city-data.com/neighborhood/Ryan-Place-Fort-Worth-TX.html
Ryanwood,https://www.city-data.com/neighborhood/Ryanwood-Fort-Worth-TX.html
Sagamore Hill,https://www.city-data.com/neighborhood/Sagamore-Hill-Fort-Worth-TX.html
Sandy Oaks,https://www.city-data.com/neighborhood/Sandy-Oaks-Fort-Worth-TX.html
Sandybrook,https://www.city-data.com/neighborhood/Sandybrook-Fort-Worth-TX.html
Sansom Park,https://www.city-data.com/neighborhood/Sansom-Park-Fort-Worth-TX.html
Scenic Bluff,https://www.city-data.com/neighborhood/Scenic-Bluff-Fort-Worth-TX.html
Shaw Clarke,https://www.city-data.com/neighborhood/Shaw-Clarke-Fort-Worth-TX.html
South Edgewood,https://www.city-data.com/neighborhood/South-Edgewood-Fort-Worth-TX.html
South Fort Worth,https://www.city-data.com/neighborhood/South-Fort-Worth-Fort-Worth-TX.html
South Greenbriar,https://www.city-data.com/neighborhood/South-Greenbriar-Fort-Worth-TX.html
South Hemphill Heights,https://www.city-data.com/neighborhood/South-Hemphill-Heights-Fort-Worth-TX.html
South Hills,https://www.city-data.com/neighborhood/South-Hills-Fort-Worth-TX.html
South Meadows Crossing,https://www.city-data.com/neighborhood/South-Meadows-Crossing-Fort-Worth-TX.html
South Poly,https://www.city-data.com/neighborhood/South-Poly-Fort-Worth-TX.html
Southland Terrace,https://www.city-data.com/neighborhood/Southland-Terrace-Fort-Worth-TX.html
Southwest Fort Worth,https://www.city-data.com/neighborhood/Southwest-Fort-Worth-Fort-Worth-TX.html
Springdale,https://www.city-data.com/neighborhood/Springdale-Fort-Worth-TX.html
Sterling Creek,https://www.city-data.com/neighborhood/Sterling-Creek-Fort-Worth-TX.html
Stockyards,https://www.city-data.com/neighborhood/Stockyards-Fort-Worth-TX.html
Stonegate,https://www.city-data.com/neighborhood/Stonegate-Fort-Worth-TX.html
Stop Six,https://www.city-data.com/neighborhood/Stop-Six-Fort-Worth-TX.html
Stop Six Sunrise Edition,https://www.city-data.com/neighborhood/Stop-Six-Sunrise-Edition-Fort-Worth-TX.html
Summerbrook,https://www.city-data.com/neighborhood/Summerbrook-Fort-Worth-TX.html
Summerfields,https://www.city-data.com/neighborhood/Summerfields-Fort-Worth-TX.html
Sunset Terrace,https://www.city-data.com/neighborhood/Sunset-Terrace-Fort-Worth-TX.html
Sylvan Heights West,https://www.city-data.com/neighborhood/Sylvan-Heights-West-Fort-Worth-TX.html
Tanglewood,https://www.city-data.com/neighborhood/Tanglewood-Fort-Worth-TX.html
Tejas Trails,https://www.city-data.com/neighborhood/Tejas-Trails-Fort-Worth-TX.html
Texas Christian University District (TCU),https://www.city-data.com/neighborhood/Texas-Christian-University-District-Fort-Worth-TX.html
The Bunch-Ellington Club,https://www.city-data.com/neighborhood/The-Bunch-Ellington-Club-Fort-Worth-TX.html
United Riverside,https://www.city-data.com/neighborhood/United-Riverside-Fort-Worth-TX.html
University Place,https://www.city-data.com/neighborhood/University-Place-Fort-Worth-TX.html
University West,https://www.city-data.com/neighborhood/University-West-Fort-Worth-TX.html
Uptown,https://www.city-data.com/neighborhood/Uptown-Fort-Worth-TX.html
Vicki Lane-Bowie Street,https://www.city-data.com/neighborhood/Vicki-Lane-Bowie-Street-Fort-Worth-TX.html
Wedgewood East,https://www.city-data.com/neighborhood/Wedgewood-East-Fort-Worth-TX.html
Wedgwood,https://www.city-data.com/neighborhood/Wedgwood-Fort-Worth-TX.html
Wedgwood South,https://www.city-data.com/neighborhood/Wedgwood-South-Fort-Worth-TX.html
Wedgwood Square,https://www.city-data.com/neighborhood/Wedgwood-Square-Fort-Worth-TX.html
Wedgwood West,https://www.city-data.com/neighborhood/Wedgwood-West-Fort-Worth-TX.html
West Byers,https://www.city-data.com/neighborhood/West-Byers-Fort-Worth-TX.html
West Fort Worth,https://www.city-data.com/neighborhood/West-Fort-Worth-Fort-Worth-TX.html
West Meadowbrook,https://www.city-data.com/neighborhood/West-Meadowbrook-Fort-Worth-TX.html
Westcliff (TCU),https://www.city-data.com/neighborhood/Westcliff-Fort-Worth-TX.html
Westcliff West,https://www.city-data.com/neighborhood/Westcliff-West-Fort-Worth-TX.html
Western Hills,https://www.city-data.com/neighborhood/Western-Hills-Fort-Worth-TX.html
Western Hills North,https://www.city-data.com/neighborhood/Western-Hills-North-Fort-Worth-TX.html
Westover Hills,https://www.city-data.com/neighborhood/Westover-Hills-Fort-Worth-TX.html
Westworth Village,https://www.city-data.com/neighborhood/Westworth-Village-Fort-Worth-TX.html
White Lake Hills,https://www.city-data.com/neighborhood/White-Lake-Hills-Fort-Worth-TX.html
Willow Creek,https://www.city-data.com/neighborhood/Willow-Creek-Fort-Worth-TX.html
Woodhaven,https://www.city-data.com/neighborhood/Woodhaven-Fort-Worth-TX.html
Woodway,https://www.city-data.com/neighborhood/Woodway-Fort-Worth-TX.html
Worth Heights,https://www.city-data.com/neighborhood/Worth-Heights-Fort-Worth-TX.html
